series,Store,Dept,model,wape,mape,rmse
S01_D01,1,1,global_gbm,0.09078027023382179,9.316087738339283,2482.29340005822
S01_D01,1,1,holt_winters,0.08217450553248239,8.440403560057765,2426.9484907439905
S01_D01,1,1,seasonal_naive,0.08805485772343365,9.079647802985418,2466.358281157876
S01_D02,1,2,global_gbm,0.05934408468434147,5.978077329735413,2962.7194753427416
S01_D02,1,2,holt_winters,0.10855270849578409,10.9663156697447,6028.350348025787
S01_D02,1,2,seasonal_naive,0.06471356447679398,6.418376316361958,3078.5387760787476
S01_D03,1,3,global_gbm,0.13406386315837715,10.18048025293375,14200.436366886133
S01_D03,1,3,holt_winters,0.19100772973084687,15.712493256838409,18954.478735063098
S01_D03,1,3,seasonal_naive,0.10868871117272173,7.549020770562568,13696.958418859997
S01_D04,1,4,global_gbm,0.07533115617749113,7.601176578743903,968.9315669561611
S01_D04,1,4,holt_winters,0.06736523630620274,6.781269843866029,1005.766189562031
S01_D04,1,4,seasonal_naive,0.05834986705865211,5.746660988249947,897.8876964274353
S01_D05,1,5,global_gbm,0.10286391264833422,10.398966095211328,3176.181494704228
S01_D05,1,5,holt_winters,0.13224858030687067,13.54158785734692,4648.037968799956
S01_D05,1,5,seasonal_naive,0.08232965580277656,8.081182835733191,2819.284022597913
S01_D06,1,6,global_gbm,0.05369846483840194,5.631004193779847,2945.6441048155407
S01_D06,1,6,holt_winters,0.10611157175968028,10.66878793689006,5683.146314048806
S01_D06,1,6,seasonal_naive,0.0646615482418419,6.56050081959232,3198.6254288675777
S01_D07,1,7,global_gbm,0.06922191781692827,7.115522202499417,3586.934679635319
S01_D07,1,7,holt_winters,0.08573608560913946,8.879757249038098,4816.719787374779
S01_D07,1,7,seasonal_naive,0.07664377231601542,7.776675809769917,4020.7410008853385
S01_D08,1,8,global_gbm,0.12081586253828042,12.340176940151453,1242.0111999445162
S01_D08,1,8,holt_winters,0.10951125645270234,10.956362778782022,1150.9913249676842
S01_D08,1,8,seasonal_naive,0.068724472848582,6.7834936894590685,802.0903905110794
S01_D09,1,9,global_gbm,0.08108583907770633,8.440024392022687,3025.4953718382117
S01_D09,1,9,holt_winters,0.12149076604238546,12.18867163985277,4111.749291181159
S01_D09,1,9,seasonal_naive,0.11838378109062309,11.79431937978306,6033.337260694883
S01_D10,1,10,global_gbm,0.13433163310200635,13.822944623446126,1403.9498805102075
S01_D10,1,10,holt_winters,0.07949602534796563,7.692918562376673,1123.80391263037
S01_D10,1,10,seasonal_naive,0.08349933147520493,8.281069092075649,946.5924175056261
S01_D11,1,11,global_gbm,0.07345825455542608,7.506452983418549,3083.690208456595
S01_D11,1,11,holt_winters,0.1702906365073006,17.600240546961956,7436.20578598162
S01_D11,1,11,seasonal_naive,0.07707565260191755,7.696486097198946,3441.521340746576
S01_D12,1,12,global_gbm,0.12297444503110261,9.852712981048919,3306.024200219326
S01_D12,1,12,holt_winters,0.15864619774627253,13.920871742891416,4168.213183844405
S01_D12,1,12,seasonal_naive,0.12078738192553833,9.587988425115158,3353.215639612936
S02_D01,2,1,global_gbm,0.1321757459666071,13.344631067912232,5166.770603646976
S02_D01,2,1,holt_winters,0.11152720126324302,11.500500725863125,5563.115693966606
S02_D01,2,1,seasonal_naive,0.07078052255834671,7.02073973827619,3101.4068188991446
S02_D02,2,2,global_gbm,0.07491700800122818,7.614258072157658,5814.071946457619
S02_D02,2,2,holt_winters,0.09735682834563146,9.551267854053599,10222.765143833722
S02_D02,2,2,seasonal_naive,0.09020694985190854,8.919549963849354,8092.525100472136
S02_D03,2,3,global_gbm,0.18006369084922905,25.89905111582785,23519.50925361422
S02_D03,2,3,holt_winters,0.2084410408867684,28.023589183124837,26899.987425265466
S02_D03,2,3,seasonal_naive,0.1345468785151576,19.67723197100608,21146.341841615726
S02_D04,2,4,global_gbm,0.1519112528323804,15.053193604880938,3194.71632324436
S02_D04,2,4,holt_winters,0.06936841163800761,6.976966421815732,1789.9794722038487
S02_D04,2,4,seasonal_naive,0.06403232413378579,6.346845115786379,1645.9829525173202
S02_D05,2,5,global_gbm,0.0898206443978205,8.979220870463687,4301.552857244237
S02_D05,2,5,holt_winters,0.07570460889505212,7.556071144961781,5174.292741635666
S02_D05,2,5,seasonal_naive,0.060988507004591956,6.009699138273869,3417.3461020076325
S02_D06,2,6,global_gbm,0.0765273251070093,7.550885051419755,6694.4915945157945
S02_D06,2,6,holt_winters,0.09675800446567571,9.91217541623835,8650.335693532998
S02_D06,2,6,seasonal_naive,0.07204303893570287,7.03163298293218,6469.719381756629
S02_D07,2,7,global_gbm,0.08158233667486414,8.185038878506493,6445.131044493252
S02_D07,2,7,holt_winters,0.07346555959748775,7.405953383449453,6369.254660666477
S02_D07,2,7,seasonal_naive,0.05745512671500669,5.691902411778685,4947.673670985173
S02_D08,2,8,global_gbm,0.21404328585708957,21.635739075975476,3391.437684568391
S02_D08,2,8,holt_winters,0.1006977931219417,10.146896004195488,1856.9145916725308
S02_D08,2,8,seasonal_naive,0.06720645520213625,6.644549986258633,1216.1477971323782
S02_D09,2,9,global_gbm,0.09098720062922945,9.10354122338262,4714.788818794479
S02_D09,2,9,holt_winters,0.13695909658769037,13.640375306282147,8609.189826998181
S02_D09,2,9,seasonal_naive,0.07496435046412357,7.389784369173797,4435.810141071733
S02_D10,2,10,global_gbm,0.25731607182746896,26.054507390456248,4026.0477588573594
S02_D10,2,10,holt_winters,0.09695189893128364,9.666535308576174,2071.7318629024526
S02_D10,2,10,seasonal_naive,0.09529655719161,9.393372871081223,1814.9713797875474
S02_D11,2,11,global_gbm,0.09706248838730423,9.540844561600515,6122.704352763823
S02_D11,2,11,holt_winters,0.20156406148872708,20.629840366214456,15935.799939665594
S02_D11,2,11,seasonal_naive,0.2177409994780151,21.567912653182507,20336.591485587065
S02_D12,2,12,global_gbm,0.14471231687132174,14.501863001764166,3367.361246881144
S02_D12,2,12,holt_winters,0.09276978661375183,9.442310231047092,3121.18732304581
S02_D12,2,12,seasonal_naive,0.07470841358146017,7.354246911514731,2155.6488802635245
S03_D01,3,1,global_gbm,0.08042232886619735,8.198872528219118,2967.3204010813683
S03_D01,3,1,holt_winters,0.11425375776096065,10.923551311328055,5204.699534865828
S03_D01,3,1,seasonal_naive,0.13379908363979262,13.18909139973031,7427.177743437772
S03_D02,3,2,global_gbm,0.07085512894722422,6.912037426835721,5051.24215153109
S03_D02,3,2,holt_winters,0.11902882520878388,11.947645957651806,10139.04957091155
S03_D02,3,2,seasonal_naive,0.07296041297623036,7.1426604458812255,5438.2720965719645
S03_D03,3,3,global_gbm,0.05825413439842784,5.71346043558101,4217.67209527483
S03_D03,3,3,holt_winters,0.09042173822470828,9.270330804357949,7636.9604595834435
S03_D03,3,3,seasonal_naive,0.07751050901633662,7.663790215825514,5522.463149221655
S03_D04,3,4,global_gbm,0.06194840881194735,6.124416144217623,1299.8245624560025
S03_D04,3,4,holt_winters,0.08971168588767715,8.939395030082771,1917.3449900154437
S03_D04,3,4,seasonal_naive,0.06698712436209596,6.6368895323514465,1284.8643195973095
S03_D05,3,5,global_gbm,0.043564947459052455,4.372271026360175,2092.8731670430825
S03_D05,3,5,holt_winters,0.07749864219204618,7.865427310224374,4210.233506393549
S03_D05,3,5,seasonal_naive,0.06971363395368045,6.974709615114858,3052.6983996196286
S03_D06,3,6,global_gbm,0.05623396185163202,5.67545029172337,4356.828527707614
S03_D06,3,6,holt_winters,0.1360859029829112,13.508667626047979,11663.135635060093
S03_D06,3,6,seasonal_naive,0.06848912199462055,6.664513036928258,5211.272026162027
S03_D07,3,7,global_gbm,0.04760407977761933,4.711022565870365,3488.327882103347
S03_D07,3,7,holt_winters,0.0701381175973529,6.8722539640196985,5765.981913799504
S03_D07,3,7,seasonal_naive,0.06702869503285731,6.577886533983797,4794.1008856353965
S03_D08,3,8,global_gbm,0.0765760761005191,7.814617219893603,1190.3819984090405
S03_D08,3,8,holt_winters,0.0991394877577869,10.007857490196223,1437.9801870753824
S03_D08,3,8,seasonal_naive,0.07601319723993342,7.510381299919377,1235.8746637261872
S03_D09,3,9,global_gbm,0.06750648007832266,6.80029837320825,3229.048633531598
S03_D09,3,9,holt_winters,0.11535755089797571,11.558543962036097,5000.331044746165
S03_D09,3,9,seasonal_naive,0.06316839051719131,6.259488189300591,3228.899539510878
S03_D10,3,10,global_gbm,0.06886180948878608,7.015058329055432,1072.5481208687413
S03_D10,3,10,holt_winters,0.10036310166247446,9.974865647671022,1695.3856619316475
S03_D10,3,10,seasonal_naive,0.06731899646792129,6.65391409117371,995.03784780358
S03_D11,3,11,global_gbm,0.056766838335073545,5.583068849731011,3230.239253152197
S03_D11,3,11,holt_winters,0.16883190373523682,17.050045271210845,9476.662872839464
S03_D11,3,11,seasonal_naive,0.07572153378287984,7.604501175422114,4349.431371567953
S03_D12,3,12,global_gbm,0.08456472165448524,8.855677896574626,2018.8505017511325
S03_D12,3,12,holt_winters,0.1162617997073249,11.797211185742654,2986.5144227862547
S03_D12,3,12,seasonal_naive,0.06348423317433073,6.168250963005117,1746.846350805699
S04_D01,4,1,global_gbm,0.08934623898629183,8.85571516534561,3679.807863514903
S04_D01,4,1,holt_winters,0.07814025290406383,8.04299345420335,3694.508740829168
S04_D01,4,1,seasonal_naive,0.07329592490845861,7.2185976989842855,3276.2733979641544
S04_D02,4,2,global_gbm,0.0615435883874283,6.357632604041797,4317.9302967284675
S04_D02,4,2,holt_winters,0.1041679721908943,10.681720005792814,9555.019550830788
S04_D02,4,2,seasonal_naive,0.0727044569296284,7.266163068760953,5617.79345641378
S04_D03,4,3,global_gbm,0.03776205697238307,3.7876758772172305,3322.734583357503
S04_D03,4,3,holt_winters,0.0838116551566146,8.539512000846054,7851.6440604060435
S04_D03,4,3,seasonal_naive,0.05841981892910194,5.781143485609346,4504.06932850839
S04_D04,4,4,global_gbm,0.18459434766492022,14.60367026239314,6152.270060745519
S04_D04,4,4,holt_winters,0.14037566106287533,10.75297249649516,5628.468748386239
S04_D04,4,4,seasonal_naive,0.11912391784547338,8.085044731245874,5078.719358378513
S04_D05,4,5,global_gbm,0.07259753739859541,7.5758323093008215,3465.7304932919556
S04_D05,4,5,holt_winters,0.0970821771016319,9.857589981555327,5389.929253159736
S04_D05,4,5,seasonal_naive,0.06828832133413,6.914091500349936,3704.791676112156
S04_D06,4,6,global_gbm,0.05964416502400197,6.0646838357112145,4191.089417092905
S04_D06,4,6,holt_winters,0.1050240189549093,10.736565714037605,8330.173691017573
S04_D06,4,6,seasonal_naive,0.06553016042037056,6.58602116528298,4697.276384336678
S04_D07,4,7,global_gbm,0.05249778773572574,5.214446694814687,4124.913257532746
S04_D07,4,7,holt_winters,0.11540966678422344,11.636354430223937,9030.926488798134
S04_D07,4,7,seasonal_naive,0.05740255283593084,5.765312024018595,4574.982643870001
S04_D08,4,8,global_gbm,0.12506474598697895,12.730986857331255,1997.0678118355847
S04_D08,4,8,holt_winters,0.08055359226914988,8.239057596893607,1389.1939683994563
S04_D08,4,8,seasonal_naive,0.07765212223730093,7.546553470575042,1362.0728891129638
S04_D09,4,9,global_gbm,0.07080595990021472,7.185584056927066,3347.5836143708257
S04_D09,4,9,holt_winters,0.13249331270600512,13.274739999195745,6698.128130230693
S04_D09,4,9,seasonal_naive,0.07483565709819677,7.376340292353461,3845.899067650534
S04_D10,4,10,global_gbm,0.15481665500766914,38.11812064143586,2217.4544356612773
S04_D10,4,10,holt_winters,0.10011517945217747,28.69246635031364,2004.3920770126563
S04_D10,4,10,seasonal_naive,0.07703336715498138,27.87644221798531,1488.8841230969765
S04_D11,4,11,global_gbm,0.06677462701290765,7.078389784987382,4162.285781358171
S04_D11,4,11,holt_winters,0.15581136710498397,16.183204055674334,9987.739333162002
S04_D11,4,11,seasonal_naive,0.08128750381597177,8.408207345967567,5238.906883828733
S04_D12,4,12,global_gbm,0.09834828686425744,9.965400895400265,2212.4235566549746
S04_D12,4,12,holt_winters,0.1385221640809706,13.75237791239759,4139.766047222417
S04_D12,4,12,seasonal_naive,0.07891087195363515,7.813176263853616,2062.235476817192
S05_D01,5,1,global_gbm,0.1656911722950517,14.365833803753153,6879.523749116151
S05_D01,5,1,holt_winters,0.16760200929799565,15.04555867329717,9359.437105151033
S05_D01,5,1,seasonal_naive,0.12147009293259937,9.554293879690745,6195.268747290064
S05_D02,5,2,global_gbm,0.050274989976264915,5.088964495166024,2689.7299495021357
S05_D02,5,2,holt_winters,0.09750367906028488,9.942881748705984,5738.926745490866
S05_D02,5,2,seasonal_naive,0.08332651575434025,8.212230197015709,4369.986371103878
S05_D03,5,3,global_gbm,0.05898799368449731,5.734359607752733,3980.9110753649607
S05_D03,5,3,holt_winters,0.08663438742253082,8.611716355737022,6286.6976216179755
S05_D03,5,3,seasonal_naive,0.09469473231790505,9.202788865630684,5899.06613542225
S05_D04,5,4,global_gbm,0.06306136013134934,6.311034243606049,987.811817279316
S05_D04,5,4,holt_winters,0.08386950550384993,8.323562852015337,1355.0437120528534
S05_D04,5,4,seasonal_naive,0.08169616188696145,7.99811048495351,1348.7094858583482
S05_D05,5,5,global_gbm,0.05678680912090021,5.874382010063928,2258.8343866696846
S05_D05,5,5,holt_winters,0.11840424862943887,11.754380349727398,5843.439177308394
S05_D05,5,5,seasonal_naive,0.17459725603318033,17.519975113229027,9736.367396428088
S05_D06,5,6,global_gbm,0.04972659500389747,4.988113331929111,2876.608494804636
S05_D06,5,6,holt_winters,0.09321961014024445,9.52200303216914,5688.683586926071
S05_D06,5,6,seasonal_naive,0.07638928699782802,7.627706529910522,3984.520675975475
S05_D07,5,7,global_gbm,0.07341810512283174,7.416566708599274,3993.5224635205655
S05_D07,5,7,holt_winters,0.07745040517324008,7.841485787203048,4357.3983387036815
S05_D07,5,7,seasonal_naive,0.07340198750824192,7.17537028249146,4263.330903773031
S05_D08,5,8,global_gbm,0.13902219817801545,10.858937518571592,3470.0126121474223
S05_D08,5,8,holt_winters,0.12847964633797235,10.125736513155585,3419.5231665585416
S05_D08,5,8,seasonal_naive,0.14052820219399864,10.699096014135456,3543.3020935134705
S05_D09,5,9,global_gbm,0.08596135720019797,8.8348257361286,3115.848494206791
S05_D09,5,9,holt_winters,0.13768426192282665,13.752645311574211,5172.949798504628
S05_D09,5,9,seasonal_naive,0.09215372773057168,8.953775572780202,3587.633290782013
S05_D10,5,10,global_gbm,0.07288474918320784,7.311152031586301,955.5309733857163
S05_D10,5,10,holt_winters,0.08006238303434175,8.175168156718138,1219.939280094812
S05_D10,5,10,seasonal_naive,0.06930073071608804,6.814297964101819,897.4133571671706
S05_D11,5,11,global_gbm,0.05501785297237801,5.600624442592637,2559.3405978599644
S05_D11,5,11,holt_winters,0.14635791426956515,14.746148679339308,7218.20852209679
S05_D11,5,11,seasonal_naive,0.09255200981775123,8.997293945539527,4420.2511291070805
S05_D12,5,12,global_gbm,0.05324883934126139,5.359263388511276,1089.1442269019735
S05_D12,5,12,holt_winters,0.12685069744120434,12.638260794377958,2551.8705841367737
S05_D12,5,12,seasonal_naive,0.07312983526266247,7.408307362804092,1413.883516607543
S06_D01,6,1,global_gbm,0.06937584762146944,6.881944949436765,1782.3306398308405
S06_D01,6,1,holt_winters,0.08202343753162371,8.265085111412072,2295.1206723712744
S06_D01,6,1,seasonal_naive,0.06718371809927459,6.756730484344195,1663.734955022036
S06_D02,6,2,global_gbm,0.1289913913612742,10.133475933619719,8270.086638677245
S06_D02,6,2,holt_winters,0.23206155945895604,21.07725806255623,12588.194206971426
S06_D02,6,2,seasonal_naive,0.1194286988435334,9.732286121474514,7787.81097046681
S06_D03,6,3,global_gbm,0.055061492031788416,6.011858701618169,2893.4163864566203
S06_D03,6,3,holt_winters,0.09559659507380665,9.981540170736203,5586.842397867999
S06_D03,6,3,seasonal_naive,0.08043958126091925,8.41075228246673,3826.5518405035527
S06_D04,6,4,global_gbm,0.06724408798500585,6.705850213890391,801.0422760142952
S06_D04,6,4,holt_winters,0.06863498864551502,6.83315390993441,823.2998311521316
S06_D04,6,4,seasonal_naive,0.08263126447331827,8.62642407532032,1428.9947307362208
S06_D05,6,5,global_gbm,0.0711214080247284,7.356244350654243,2203.192287267219
S06_D05,6,5,holt_winters,0.08531144807610092,8.730171948695487,2859.2228241986227
S06_D05,6,5,seasonal_naive,0.06846583379725367,6.816467903784859,1972.3257192615908
S06_D06,6,6,global_gbm,0.09911854820673081,18.291492031188806,5179.831591982172
S06_D06,6,6,holt_winters,0.15514079349388565,24.003260519498472,8358.509938889216
S06_D06,6,6,seasonal_naive,0.08848903185884495,17.232333969431995,5032.662346163947
S06_D07,6,7,global_gbm,0.07356892837690913,7.579347095551925,3347.7250349665414
S06_D07,6,7,holt_winters,0.11020100245401998,11.073739754498618,4800.784521611286
S06_D07,6,7,seasonal_naive,0.07723954968372909,7.7753334832031955,3462.3477747298675
S06_D08,6,8,global_gbm,0.08183432887302333,8.34954426481189,815.3557350491534
S06_D08,6,8,holt_winters,0.08332353872204183,8.50751747544115,824.8385601903728
S06_D08,6,8,seasonal_naive,0.06846855662058476,6.959945529335596,683.8286315468305
S06_D09,6,9,global_gbm,0.0766285101698816,7.787279591403219,2386.4321036969486
S06_D09,6,9,holt_winters,0.11938033825159994,12.097909552417931,3487.5045408552833
S06_D09,6,9,seasonal_naive,0.06489719331105857,6.577486193131155,1942.554916727747
S06_D10,6,10,global_gbm,0.14433343684832464,11.328933375522377,2551.6378839731015
S06_D10,6,10,holt_winters,0.14460280341192827,11.291052496055395,2669.734537507628
S06_D10,6,10,seasonal_naive,0.12658614263336662,9.689600945033419,2274.47750851053
S06_D11,6,11,global_gbm,0.07668813884252389,7.654681034290337,3212.621570764501
S06_D11,6,11,holt_winters,0.18374357188414095,18.87603269789926,6433.462802368464
S06_D11,6,11,seasonal_naive,0.08416467640919645,8.39004740151551,3376.438889866533
S06_D12,6,12,global_gbm,0.07301237706628873,7.2684002790607956,1148.355550063183
S06_D12,6,12,holt_winters,0.12328772630821237,12.492878719752646,2329.4609159710976
S06_D12,6,12,seasonal_naive,0.07614711472154777,7.54864581725926,1084.9173895798247
S07_D01,7,1,global_gbm,0.06185847616198855,6.205306453755092,2192.310224030571
S07_D01,7,1,holt_winters,0.07498624607383103,7.313264849733578,3058.1926383978075
S07_D01,7,1,seasonal_naive,0.06739250167089147,6.7023757390925995,2416.3079456951714
S07_D02,7,2,global_gbm,0.060310219406924964,6.123332762718891,3493.870898303565
S07_D02,7,2,holt_winters,0.08169519029768389,8.32618962145393,6290.374519355751
S07_D02,7,2,seasonal_naive,0.07414687356691492,7.533259131951023,4480.524472017044
S07_D03,7,3,global_gbm,0.08967536826036447,19.89642444451509,6955.097950027969
S07_D03,7,3,holt_winters,0.14407046236628537,25.524610123397185,11004.94991659147
S07_D03,7,3,seasonal_naive,0.1283013368292989,23.325257012425244,11715.738051472392
S07_D04,7,4,global_gbm,0.07544057375444536,7.553682006725175,1361.8616319837474
S07_D04,7,4,holt_winters,0.09557823270313841,9.737432153840219,1611.2941794122441
S07_D04,7,4,seasonal_naive,0.07030779355214704,6.799842587767728,1298.877861175817
S07_D05,7,5,global_gbm,0.07074015515108249,7.274447348280787,2949.0419685561233
S07_D05,7,5,holt_winters,0.0898548500193301,8.964600337296027,4394.132886798577
S07_D05,7,5,seasonal_naive,0.07347944480955558,7.220479004048383,3303.479063814313
S07_D06,7,6,global_gbm,0.05107712471987094,5.222267744807082,2993.869492411584
S07_D06,7,6,holt_winters,0.10840045096147748,10.812979900705455,8157.973496018669
S07_D06,7,6,seasonal_naive,0.0681291207960026,6.851597362902408,4352.254544654333
S07_D07,7,7,global_gbm,0.06533236089083423,6.539712034240993,4182.238292147779
S07_D07,7,7,holt_winters,0.0945161796660554,9.35213860657336,6333.685539365225
S07_D07,7,7,seasonal_naive,0.0716215591997085,7.015289308429279,4685.375552726294
S07_D08,7,8,global_gbm,0.11265618294191597,9.45607684276172,2143.6060755023245
S07_D08,7,8,holt_winters,0.1318435072567121,11.534337451581296,2408.5346899225583
S07_D08,7,8,seasonal_naive,0.08515845011433293,6.486256709490451,1910.6355729948718
S07_D09,7,9,global_gbm,0.047233848460467374,4.724825669119708,2005.1540194042534
S07_D09,7,9,holt_winters,0.12074559264552663,12.154781446425014,4696.057162938708
S07_D09,7,9,seasonal_naive,0.059700248771006,5.97285846930657,2509.165188816653
S07_D10,7,10,global_gbm,0.0794642678088615,8.046525226455726,1113.2181629921276
S07_D10,7,10,holt_winters,0.07297294335052336,7.155877765715741,1297.0544526494684
S07_D10,7,10,seasonal_naive,0.07243345376142617,7.27987392014727,1173.2320895346509
S07_D11,7,11,global_gbm,0.05017185386181886,4.916519832761913,2548.412651143379
S07_D11,7,11,holt_winters,0.15000185131966434,15.49315812584991,8104.925706882914
S07_D11,7,11,seasonal_naive,0.06139094451506743,6.423825706741112,3356.2047367315245
S07_D12,7,12,global_gbm,0.10239744234815783,16.985949285273897,2398.383563698196
S07_D12,7,12,holt_winters,0.20923323493372104,28.452466162799222,4533.253571067339
S07_D12,7,12,seasonal_naive,0.09510461593936213,16.99850895485859,2379.802810699015
S08_D01,8,1,global_gbm,0.06123314231598891,6.2245198869636935,1873.3678404743987
S08_D01,8,1,holt_winters,0.09109491275983848,9.09273928359011,3357.174347459808
S08_D01,8,1,seasonal_naive,0.06740976457399946,6.705891167810954,2015.281894555881
S08_D02,8,2,global_gbm,0.057032719661456566,5.616545773428925,3111.606504405368
S08_D02,8,2,holt_winters,0.08918172948063101,8.941907450302756,6037.977749896665
S08_D02,8,2,seasonal_naive,0.07166129196043536,6.993676493043125,4284.895368420052
S08_D03,8,3,global_gbm,0.06769054720349715,7.027872500371555,4705.432904759752
S08_D03,8,3,holt_winters,0.09621097514690319,10.108638747833913,7180.999349663209
S08_D03,8,3,seasonal_naive,0.0762866200095787,7.486657703544143,5532.734738645001
S08_D04,8,4,global_gbm,0.058088983890604275,5.743608324178009,1070.1126636717852
S08_D04,8,4,holt_winters,0.09784136897269878,9.617996568633957,1761.0951530392856
S08_D04,8,4,seasonal_naive,0.07680318704294568,7.586754517920448,1361.7142666266434
S08_D05,8,5,global_gbm,0.05781682838847888,5.760960461341651,2627.931335977889
S08_D05,8,5,holt_winters,0.07400247392282329,7.494570824221806,3384.787639586062
S08_D05,8,5,seasonal_naive,0.07677037856340636,7.675223230042559,3287.2662206391547
S08_D06,8,6,global_gbm,0.053221321790310354,5.2567732907153575,3038.513619013686
S08_D06,8,6,holt_winters,0.1218214934358442,12.387173385775233,7713.331115444163
S08_D06,8,6,seasonal_naive,0.07986077600321084,7.853392395290698,4421.9579460861905
S08_D07,8,7,global_gbm,0.055066896687957945,5.450571561990362,3651.2726567699265
S08_D07,8,7,holt_winters,0.08513286220179807,8.544174332797802,5176.837993108439
S08_D07,8,7,seasonal_naive,0.07259204484478969,7.195355462684518,4734.844976778036
S08_D08,8,8,global_gbm,0.07863268153984397,7.903387947657836,1006.6716989442053
S08_D08,8,8,holt_winters,0.1066143351687205,10.891548011091578,1512.0068256964696
S08_D08,8,8,seasonal_naive,0.06529336779524295,6.398912515285212,927.4934564865163
S08_D09,8,9,global_gbm,0.07521169995368203,7.685977892562214,2868.6331435483553
S08_D09,8,9,holt_winters,0.13032986072929065,13.250356005117522,4903.971517607167
S08_D09,8,9,seasonal_naive,0.05957022885885843,6.000340805124298,2448.920591345554
S08_D10,8,10,global_gbm,0.08347557736112886,8.639650234322607,1056.9836280011339
S08_D10,8,10,holt_winters,0.09488277304288467,9.577080516824696,1478.910577665719
S08_D10,8,10,seasonal_naive,0.06813847331408877,6.6564419368360035,983.6492947346243
S08_D11,8,11,global_gbm,0.049975376174654286,4.941983140022067,2349.24082922567
S08_D11,8,11,holt_winters,0.1724595494412522,17.317506705858566,8342.602003420632
S08_D11,8,11,seasonal_naive,0.06470963802261163,6.320085446481056,3545.527081748609
S08_D12,8,12,global_gbm,0.06507585027900235,6.370420357629832,1410.2471361630458
S08_D12,8,12,holt_winters,0.09658487052683057,10.06568068584743,2145.531489823784
S08_D12,8,12,seasonal_naive,0.0638438620162259,6.436340178618534,1427.0372053687543
S09_D01,9,1,global_gbm,0.10526489102485644,11.048558454694911,1359.7731639361273
S09_D01,9,1,holt_winters,0.10492136600120879,10.615368449490102,1444.2760146951825
S09_D01,9,1,seasonal_naive,0.08751924121453962,8.679305297299306,1124.9934435366795
S09_D02,9,2,global_gbm,0.1116427864492767,24.085009807592883,2797.5649013823645
S09_D02,9,2,holt_winters,0.12487477245136708,25.585194237581195,3380.008906494352
S09_D02,9,2,seasonal_naive,0.09083174131286771,21.69967402065309,2307.042688862248
S09_D03,9,3,global_gbm,0.06890829615573667,6.937926581762681,1695.9225283715705
S09_D03,9,3,holt_winters,0.07998501907374288,8.111735402383347,2390.4406903489917
S09_D03,9,3,seasonal_naive,0.06286295825176379,6.266933012665369,1693.9486273881328
S09_D04,9,4,global_gbm,0.09734039423421292,10.02812335516877,687.5078929191909
S09_D04,9,4,holt_winters,0.09115096104293997,9.091956874412773,600.8915749854426
S09_D04,9,4,seasonal_naive,0.0741026402960428,7.4345704764230875,525.2080117693581
S09_D05,9,5,global_gbm,0.06572817837637009,6.413506376535068,1113.1046841055147
S09_D05,9,5,holt_winters,0.08894108141689427,9.021769077013737,1538.353612140728
S09_D05,9,5,seasonal_naive,0.08834840177863408,9.348334663141143,1807.4222107555543
S09_D06,9,6,global_gbm,0.07034801018272897,7.06149201628769,1757.4942727985692
S09_D06,9,6,holt_winters,0.10172134884428176,10.231507640613671,2554.438356426442
S09_D06,9,6,seasonal_naive,0.051233145395390166,5.181600618113461,1185.8545556254674
S09_D07,9,7,global_gbm,0.052280990823590084,5.079219865194479,1511.333468158069
S09_D07,9,7,holt_winters,0.09304439090227241,9.35209375555033,2624.7043613259334
S09_D07,9,7,seasonal_naive,0.06035065819209062,5.938483125033033,1524.6825706214156
S09_D08,9,8,global_gbm,0.11651506028070513,12.031183272208542,615.1486001719112
S09_D08,9,8,holt_winters,0.0675926126024179,6.895341914821313,376.441330372507
S09_D08,9,8,seasonal_naive,0.07458686435872132,7.420518645138774,416.75627866768355
S09_D09,9,9,global_gbm,0.06796896953451093,6.814581861549752,1051.4851403776995
S09_D09,9,9,holt_winters,0.14580142758496625,14.781427136015187,2818.857549234541
S09_D09,9,9,seasonal_naive,0.0694253203493571,7.047400599928327,1192.5252028559332
S09_D10,9,10,global_gbm,0.18142413382079173,18.809699067299764,1011.1727822990355
S09_D10,9,10,holt_winters,0.07315262263719029,7.5481608748301205,496.6249812939734
S09_D10,9,10,seasonal_naive,0.061260196626637266,6.229470623396029,324.728796934556
S09_D11,9,11,global_gbm,0.07137743112553166,7.279893048081219,1454.640720078194
S09_D11,9,11,holt_winters,0.15219279536734898,15.502893118003891,3302.445402503643
S09_D11,9,11,seasonal_naive,0.08850814201457495,8.893004283909688,1738.0014256174898
S09_D12,9,12,global_gbm,0.1839719851426974,19.32533655890389,1431.270170896987
S09_D12,9,12,holt_winters,0.1378159570483237,14.158459491726475,1283.642390266443
S09_D12,9,12,seasonal_naive,0.13774409440196692,13.832636131727318,1715.1300239960258
S10_D01,10,1,global_gbm,0.046639703143300425,4.616580679620631,3246.6535960425936
S10_D01,10,1,holt_winters,0.10112096304947328,9.866765159785439,7320.26592773461
S10_D01,10,1,seasonal_naive,0.12616682260001777,12.515182831750325,8075.738770170184
S10_D02,10,2,global_gbm,0.0666122224337877,6.360218203106052,8764.29472630552
S10_D02,10,2,holt_winters,0.10313885836460789,10.414435769667568,13797.521791065956
S10_D02,10,2,seasonal_naive,0.12377403205595022,12.00272311498656,14263.012995590047
S10_D03,10,3,global_gbm,0.06747416698678327,6.290496602984855,10610.559456655132
S10_D03,10,3,holt_winters,0.08999750233854815,9.179682179488642,13335.901670703139
S10_D03,10,3,seasonal_naive,0.12549762106630627,12.366909326459393,15445.844432383745
S10_D04,10,4,global_gbm,0.052625957471100826,5.1383655971611795,2045.2520576876007
S10_D04,10,4,holt_winters,0.07411257579662266,7.351876201592212,2506.9673391133147
S10_D04,10,4,seasonal_naive,0.12419071456749588,12.270009079136946,3953.9175732158415
S10_D05,10,5,global_gbm,0.07595562002722193,28.42282479061325,8395.009152083321
S10_D05,10,5,holt_winters,0.13423104460783844,32.222451714747045,13862.449045352436
S10_D05,10,5,seasonal_naive,0.14354431300329915,32.02663696816932,12661.070010785572
S10_D06,10,6,global_gbm,0.07155576927177966,6.89056097774981,10004.790923408216
S10_D06,10,6,holt_winters,0.1128938148866226,11.421086035937,15313.28104634924
S10_D06,10,6,seasonal_naive,0.1316010339629573,13.009885355158909,15004.79532827173
S10_D07,10,7,global_gbm,0.06474517444904328,6.423096042141071,9056.258847592622
S10_D07,10,7,holt_winters,0.08785415443548238,8.587103649947137,11651.756250565986
S10_D07,10,7,seasonal_naive,0.1254781779205241,12.322635386019032,15236.088566693457
S10_D08,10,8,global_gbm,0.0863805714429202,6.415782662435859,4129.197684504762
S10_D08,10,8,holt_winters,0.1336824154113815,11.15405931890259,5344.3666680876895
S10_D08,10,8,seasonal_naive,0.15585340884026103,13.359842999993731,5800.048330975181
S10_D09,10,9,global_gbm,0.06499263034729123,6.454290891097841,5512.506053745749
S10_D09,10,9,holt_winters,0.20166412564974714,20.07065178073699,16045.230987600771
S10_D09,10,9,seasonal_naive,0.13621300825759092,13.756535614465756,11927.15690626148
S10_D10,10,10,global_gbm,0.10123265520617007,19.184766057867616,3399.3742854438656
S10_D10,10,10,holt_winters,0.12622009124721492,20.382759414123687,4203.796040710703
S10_D10,10,10,seasonal_naive,0.15334960450146048,22.9923878969347,4505.7271317979485
S10_D11,10,11,global_gbm,0.0650177900609904,6.350111493251052,7339.2371561958
S10_D11,10,11,holt_winters,0.14663071770624594,14.89047294934299,16293.557260954158
S10_D11,10,11,seasonal_naive,0.12843130126608102,12.428346330274563,12871.226223987092
S10_D12,10,12,global_gbm,0.06325848121959929,6.202771686925168,2710.779649921242
S10_D12,10,12,holt_winters,0.11045207862286638,11.098388162048792,4765.610666424694
S10_D12,10,12,seasonal_naive,0.1191351990208634,11.84146989647283,4715.711646968517
S11_D01,11,1,global_gbm,0.08032113077016534,8.199909115593982,2027.689244685492
S11_D01,11,1,holt_winters,0.08367749894174502,8.764642339644476,2356.479688436299
S11_D01,11,1,seasonal_naive,0.08102507889835979,8.080741218104164,1995.886238613779
S11_D02,11,2,global_gbm,0.1098004768873524,8.504033284534732,6986.717320726995
S11_D02,11,2,holt_winters,0.17417693602252496,15.522362253333648,9363.86848664673
S11_D02,11,2,seasonal_naive,0.11524212316921827,9.146044755690992,6756.54861287534
S11_D03,11,3,global_gbm,0.06675161985628104,6.920390655903241,3196.1936668305048
S11_D03,11,3,holt_winters,0.08409511061792663,8.636401803361492,4859.568764091192
S11_D03,11,3,seasonal_naive,0.06799569617714957,7.005085469957713,3234.2845891755637
S11_D04,11,4,global_gbm,0.08168013167016197,8.196605005334941,921.4113121091137
S11_D04,11,4,holt_winters,0.0606127607842503,6.096489142811717,754.9934512045232
S11_D04,11,4,seasonal_naive,0.06787683779294824,6.932439727509436,851.6726334205954
S11_D05,11,5,global_gbm,0.09494584702372517,39.78335340218455,3181.4293665411938
S11_D05,11,5,holt_winters,0.11346765021341455,36.73999828106047,4164.381150525272
S11_D05,11,5,seasonal_naive,0.08947024171685357,35.97642675096022,3317.3375115303947
S11_D06,11,6,global_gbm,0.0599768075423234,6.045279401625218,2449.8548779152134
S11_D06,11,6,holt_winters,0.10165316227936859,10.32913405923813,4570.572218888122
S11_D06,11,6,seasonal_naive,0.06228340696426928,6.091573344757378,2728.977443115773
S11_D07,11,7,global_gbm,0.0457071672412341,4.59177979153928,2239.400233380194
S11_D07,11,7,holt_winters,0.09018089682381857,9.209822622271318,5163.581635816217
S11_D07,11,7,seasonal_naive,0.060014323830691725,5.974771262903112,2815.1847797935466
S11_D08,11,8,global_gbm,0.09695686367263108,9.76297061338984,917.3691574974004
S11_D08,11,8,holt_winters,0.08940514218378108,9.09828598061453,863.967707910709
S11_D08,11,8,seasonal_naive,0.06351262520562799,6.387625813549996,618.1445405996818
S11_D09,11,9,global_gbm,0.10310928871314162,50.21049089381478,3189.4712264701993
S11_D09,11,9,holt_winters,0.1600910958845638,64.98134577230505,4475.243161020285
S11_D09,11,9,seasonal_naive,0.0827311866894841,46.30582825504754,2832.3927777805534
S11_D10,11,10,global_gbm,0.08924506246648785,9.250948579697857,873.5898622122917
S11_D10,11,10,holt_winters,0.07790665975364756,7.958629827990534,889.2345861173484
S11_D10,11,10,seasonal_naive,0.0654738682965446,6.724355042265288,655.1607323288767
S11_D11,11,11,global_gbm,0.1029868765747123,8.824454817700426,5534.658823995927
S11_D11,11,11,holt_winters,0.1930577807184147,18.639597064860705,8910.333018040732
S11_D11,11,11,seasonal_naive,0.09679118594625084,8.115299415841076,5149.525222513949
S11_D12,11,12,global_gbm,0.1310345202199711,11.708315846964874,3013.099783453093
S11_D12,11,12,holt_winters,0.11092018677219923,10.182665639409079,2296.479004835723
S11_D12,11,12,seasonal_naive,0.11193621004108069,9.752211707926094,2730.0511825506937
S12_D01,12,1,global_gbm,0.07602389177496618,8.034731824633143,2340.5076900407958
S12_D01,12,1,holt_winters,0.0880660835281864,9.248445626011284,3131.334977496406
S12_D01,12,1,seasonal_naive,0.06984008303098949,7.133729955390318,2241.6346461264734
S12_D02,12,2,global_gbm,0.06688189601617535,7.074489307203247,3955.2988152971925
S12_D02,12,2,holt_winters,0.10792042816525105,10.946286475685696,7030.344374099394
S12_D02,12,2,seasonal_naive,0.10205622653479442,10.27522896797572,6986.3485424197825
S12_D03,12,3,global_gbm,0.04894289652959965,4.975214415257855,3204.614035133571
S12_D03,12,3,holt_winters,0.08427382870392568,8.492223392128464,6791.346445824146
S12_D03,12,3,seasonal_naive,0.0824531227520214,8.189654471751949,6150.15161226922
S12_D04,12,4,global_gbm,0.06793031119421804,6.856103068470155,1130.9416172621604
S12_D04,12,4,holt_winters,0.0928452044164446,9.481750673938675,1730.4833325572392
S12_D04,12,4,seasonal_naive,0.11236852915879364,11.617508237001488,3102.528063362981
S12_D05,12,5,global_gbm,0.06071598987750066,6.104221605748198,2366.2134206438504
S12_D05,12,5,holt_winters,0.07914730390506496,7.8891365838055725,3206.280378450492
S12_D05,12,5,seasonal_naive,0.05973315541659648,5.959771177358236,2294.7592171722954
S12_D06,12,6,global_gbm,0.06996507555838107,7.130317769712508,3886.6031631772585
S12_D06,12,6,holt_winters,0.09751864862937447,9.948894328498218,6202.759310532042
S12_D06,12,6,seasonal_naive,0.07404573314772529,7.630602219603237,4313.6181985573785
S12_D07,12,7,global_gbm,0.058590449790566955,5.932873852003737,3533.0813499222136
S12_D07,12,7,holt_winters,0.07734750545448801,7.656929244922888,4841.761363172568
S12_D07,12,7,seasonal_naive,0.07863705794961003,7.800366464782463,4875.417403337052
S12_D08,12,8,global_gbm,0.08700988461393504,8.910841510377697,1071.9577058520204
S12_D08,12,8,holt_winters,0.10210903065725618,10.52611288963176,1424.6355933073382
S12_D08,12,8,seasonal_naive,0.07360504894776955,7.477972146020502,1008.2695454964937
S12_D09,12,9,global_gbm,0.09091558121461107,9.068166721996123,3905.7079736098326
S12_D09,12,9,holt_winters,0.12952748670238076,13.209926357465825,4778.115547185289
S12_D09,12,9,seasonal_naive,0.07634944686374098,7.454606973113408,3365.172789823924
S12_D10,12,10,global_gbm,0.1431671739804768,11.193433415538005,3431.787889306793
S12_D10,12,10,holt_winters,0.16534326975355026,13.12258044527311,4072.675962364028
S12_D10,12,10,seasonal_naive,0.211878636353097,16.55583301034044,6458.701311534515
S12_D11,12,11,global_gbm,0.05715457048010649,5.705031752096442,2858.2764684109097
S12_D11,12,11,holt_winters,0.16979489347440255,17.261061471339765,8234.019032158156
S12_D11,12,11,seasonal_naive,0.07506273501594603,7.530096085610103,3797.0996837334787
S12_D12,12,12,global_gbm,0.05958371079246583,6.090546693323794,1204.628965828946
S12_D12,12,12,holt_winters,0.09309177360121328,9.605035569386487,2231.0714365587723
S12_D12,12,12,seasonal_naive,0.06672214957891359,6.786939203831344,1327.2634865110615
S13_D01,13,1,global_gbm,0.07665472657573254,7.84392350441174,1150.3339381326214
S13_D01,13,1,holt_winters,0.07525655878967834,7.665111636648487,1285.1918245466845
S13_D01,13,1,seasonal_naive,0.058400249715696746,5.960267691015914,810.291842492918
S13_D02,13,2,global_gbm,0.06463829604802374,6.457639051505937,1766.7100204572969
S13_D02,13,2,holt_winters,0.10997620277377669,11.274201688042615,3443.3818368374227
S13_D02,13,2,seasonal_naive,0.14225023464040476,14.403925310977371,6083.774900068093
S13_D03,13,3,global_gbm,0.07291050616487194,7.518561055674122,2237.127369893823
S13_D03,13,3,holt_winters,0.09085093715414157,9.317669205798618,3057.502597620313
S13_D03,13,3,seasonal_naive,0.06546969388987893,6.49917511095297,2271.8267592627894
S13_D04,13,4,global_gbm,0.0946017765124929,9.67300763537488,699.2726165258849
S13_D04,13,4,holt_winters,0.09400076995518486,9.293216972209683,833.4820716246368
S13_D04,13,4,seasonal_naive,0.07415193606222335,7.48097007883599,574.5676181570492
S13_D05,13,5,global_gbm,0.06947023197886106,7.079719078360605,1300.600723876244
S13_D05,13,5,holt_winters,0.11159071188127956,11.13817240734437,2091.401853151529
S13_D05,13,5,seasonal_naive,0.08656078668847196,8.651686745485026,1547.0413230540207
S13_D06,13,6,global_gbm,0.06788217646529694,6.987572140733058,1860.2164865507484
S13_D06,13,6,holt_winters,0.10164404531064482,10.252011659942944,2839.962986688834
S13_D06,13,6,seasonal_naive,0.061729581648551274,6.285102817836364,1670.3616685285085
S13_D07,13,7,global_gbm,0.06711386589182851,6.572940510897972,2004.8527025100213
S13_D07,13,7,holt_winters,0.08645342529551571,8.68884298734797,2990.611176995757
S13_D07,13,7,seasonal_naive,0.05411515198519293,5.38502669908143,1560.7992326240521
S13_D08,13,8,global_gbm,0.1136109131796486,34.8800490069593,823.020991413449
S13_D08,13,8,holt_winters,0.11685326392064392,33.07180725080134,852.352501199752
S13_D08,13,8,seasonal_naive,0.0864374062293795,31.646629789349134,726.6044572035736
S13_D09,13,9,global_gbm,0.05084848983686602,5.067843221178459,943.3648088661139
S13_D09,13,9,holt_winters,0.11225817761957861,11.374664570980977,1948.8498737665877
S13_D09,13,9,seasonal_naive,0.06563949475079021,6.650645111929163,1157.6385060580935
S13_D10,13,10,global_gbm,0.11900121941796445,12.64745618803179,799.4931973938327
S13_D10,13,10,holt_winters,0.07613302411316517,7.8058207037975125,536.2556428146073
S13_D10,13,10,seasonal_naive,0.06143503272070756,6.345725075145485,384.99739515448135
S13_D11,13,11,global_gbm,0.08139812820982954,8.355327051458131,1936.837781141821
S13_D11,13,11,holt_winters,0.1697208005589841,17.139492348876672,3625.2568268807986
S13_D11,13,11,seasonal_naive,0.078264190461033,7.801420867934048,1808.2516515715627
S13_D12,13,12,global_gbm,0.17315755487703402,14.942533159917808,2081.4766546150436
S13_D12,13,12,holt_winters,0.18699716055230783,16.533455334862193,2341.390348165785
S13_D12,13,12,seasonal_naive,0.12396919721830686,9.980716104671949,1639.107092489054
S14_D01,14,1,global_gbm,0.1108099083927152,31.172887582904508,1664.7625072708051
S14_D01,14,1,holt_winters,0.12810768454680962,33.518972927000796,2030.3525730939646
S14_D01,14,1,seasonal_naive,0.1064426523995371,29.88313813892097,1785.4646193464503
S14_D02,14,2,global_gbm,0.08719638017936444,8.695200425915315,2171.3208937286277
S14_D02,14,2,holt_winters,0.12028520734120257,11.979323294975927,2781.1287183075233
S14_D02,14,2,seasonal_naive,0.07674330715632027,7.692963585145205,1808.7852268028826
S14_D03,14,3,global_gbm,0.06819448254469124,6.862430832256103,1872.9379697206678
S14_D03,14,3,holt_winters,0.09205440796353341,9.294039276254791,2553.6307944965442
S14_D03,14,3,seasonal_naive,0.07471046942921274,7.301317272747198,1939.0758704098478
S14_D04,14,4,global_gbm,0.11118157132057245,11.249973852180267,734.9237722830972
S14_D04,14,4,holt_winters,0.08273977646530574,8.490539693334137,614.7533558679071
S14_D04,14,4,seasonal_naive,0.06294087211093653,6.432744424185542,435.1258783530663
S14_D05,14,5,global_gbm,0.07097943276542511,7.17669211989134,1101.1238547979472
S14_D05,14,5,holt_winters,0.08484376917131277,8.41037540182648,1589.7495589410125
S14_D05,14,5,seasonal_naive,0.06295021821736753,6.314087317987707,1082.060572597799
S14_D06,14,6,global_gbm,0.07158187869425615,7.194401097738524,1665.4448186832499
S14_D06,14,6,holt_winters,0.11593884913154955,11.575648076688182,3080.942619179801
S14_D06,14,6,seasonal_naive,0.0764349932410397,7.701662467367516,1792.113348410783
S14_D07,14,7,global_gbm,0.14932917111565644,46.1411956324159,7474.699056498873
S14_D07,14,7,holt_winters,0.19678653510800811,50.38098097532235,8580.54001294284
S14_D07,14,7,seasonal_naive,0.13824845273470662,49.028080647663614,7198.842552039637
S14_D08,14,8,global_gbm,0.14468950688357043,15.075536410929628,753.8539909441565
S14_D08,14,8,holt_winters,0.08132748487274913,8.270738715316673,460.2733137712139
S14_D08,14,8,seasonal_naive,0.08254321301470068,8.389154397444193,445.0267180048893
S14_D09,14,9,global_gbm,0.05148463828720725,5.07808430632727,824.8186128422963
S14_D09,14,9,holt_winters,0.11142510623956951,11.2315370601876,1642.0375192141012
S14_D09,14,9,seasonal_naive,0.04881700355438992,4.890405982122561,744.5390601498369
S14_D10,14,10,global_gbm,0.2839581892688618,29.03297191816021,1465.7284303216084
S14_D10,14,10,holt_winters,0.10193937774741622,10.375474445581297,686.1748390600756
S14_D10,14,10,seasonal_naive,0.10807656382463211,11.278533103780854,923.3247544663394
S14_D11,14,11,global_gbm,0.07404571527982484,7.819188179329966,1509.72638896254
S14_D11,14,11,holt_winters,0.18275818139735422,18.31704182579868,3956.348612132895
S14_D11,14,11,seasonal_naive,0.06615298215090006,6.702634252658213,1291.4675309663544
S14_D12,14,12,global_gbm,0.14033272027544189,14.812439812399036,1155.2054387626333
S14_D12,14,12,holt_winters,0.08814845442162599,9.222616766976037,807.5889384490143
S14_D12,14,12,seasonal_naive,0.06195377267800254,6.224959724544003,503.77200926473597
S15_D01,15,1,global_gbm,0.06891345223288041,7.097002471741128,4485.849775612628
S15_D01,15,1,holt_winters,0.12030841979426277,12.159170180251728,8072.044087104575
S15_D01,15,1,seasonal_naive,0.12525144956544446,12.278402373228154,7430.564684602849
S15_D02,15,2,global_gbm,0.08712934680529329,8.59910307963245,9831.351691347834
S15_D02,15,2,holt_winters,0.11219904524618647,11.381737862549818,13432.172591770972
S15_D02,15,2,seasonal_naive,0.1342563570408822,14.00367441651663,17314.332326258762
S15_D03,15,3,global_gbm,0.06923217192109364,6.950960035669868,8785.773508452241
S15_D03,15,3,holt_winters,0.09256291413503777,9.14696252951968,12856.443024234146
S15_D03,15,3,seasonal_naive,0.08590256555091547,8.423106448696084,10421.499211603896
S15_D04,15,4,global_gbm,0.11162887112396398,19.065339788002778,4180.886316041436
S15_D04,15,4,holt_winters,0.1402166933451299,21.058111981160884,5324.779860389973
S15_D04,15,4,seasonal_naive,0.17081686455196324,23.716175356511005,7777.593684202227
S15_D05,15,5,global_gbm,0.05526023361007996,5.511404412020208,4685.88100284343
S15_D05,15,5,holt_winters,0.0922551776978846,9.23462806276077,8182.530505917036
S15_D05,15,5,seasonal_naive,0.09569658736257695,9.400379864772207,7151.485145901052
S15_D06,15,6,global_gbm,0.06303048769522702,6.0306573786465805,7561.521004280979
S15_D06,15,6,holt_winters,0.10682103004303456,10.656846967653733,13184.252330141486
S15_D06,15,6,seasonal_naive,0.10869072651217628,10.522398008456744,12247.331413386202
S15_D07,15,7,global_gbm,0.060457532451818265,6.073860334508846,7377.319613692706
S15_D07,15,7,holt_winters,0.09541223822408808,9.340480082677532,11556.40861614988
S15_D07,15,7,seasonal_naive,0.09228765349498923,9.080825364502939,10838.38812853802
S15_D08,15,8,global_gbm,0.0700765989725417,6.984523456254467,1714.1841712102387
S15_D08,15,8,holt_winters,0.0872868869210293,8.749583171412176,2191.6650407157836
S15_D08,15,8,seasonal_naive,0.09115676314796096,8.997080182922339,2210.7908183423747
S15_D09,15,9,global_gbm,0.07887581933580877,15.997669007516519,7838.0519938294065
S15_D09,15,9,holt_winters,0.14981542673096648,22.874522250646475,13229.163579741435
S15_D09,15,9,seasonal_naive,0.12899598977092902,20.021512201681617,11043.051280028456
S15_D10,15,10,global_gbm,0.12266456381009715,18.88344578975647,3711.499512759409
S15_D10,15,10,holt_winters,0.1238402991396972,18.809683167661166,4202.855465454671
S15_D10,15,10,seasonal_naive,0.12951465726819592,18.840050200065313,3711.536692720094
S15_D11,15,11,global_gbm,0.06324621877309423,6.3112835982797355,5929.7582943637535
S15_D11,15,11,holt_winters,0.16468593634002485,16.800794763910208,15437.47553132571
S15_D11,15,11,seasonal_naive,0.08785961204266289,8.979458696861215,7857.380169134613
S15_D12,15,12,global_gbm,0.07378203633367159,7.650642903656872,2725.8993938840754
S15_D12,15,12,holt_winters,0.12751639266870787,12.853257128500545,4983.822334820873
S15_D12,15,12,seasonal_naive,0.09790059076248576,9.590706843117319,3874.0091509909284
S16_D01,16,1,global_gbm,0.0663439405768434,6.818062469908372,2065.387789377212
S16_D01,16,1,holt_winters,0.08854608599091059,8.750197382582328,3109.6672529792904
S16_D01,16,1,seasonal_naive,0.087724958280604,8.55913684683057,2708.097111968269
S16_D02,16,2,global_gbm,0.05183731265813905,5.1950713746542245,2751.4102409602006
S16_D02,16,2,holt_winters,0.1023580715973146,9.832914910727345,7483.62251318045
S16_D02,16,2,seasonal_naive,0.0780766451264325,7.658084996281096,4204.991716976262
S16_D03,16,3,global_gbm,0.048349155196718153,4.603292788890612,3226.2467100928734
S16_D03,16,3,holt_winters,0.0935579206782653,9.16011225089924,6607.184741392233
S16_D03,16,3,seasonal_naive,0.11302234020630099,11.203861322986613,7809.5812527778835
S16_D04,16,4,global_gbm,0.05690332409743463,5.634267280890427,904.9103736470912
S16_D04,16,4,holt_winters,0.07339756526773654,7.474280395047251,1247.1398108111607
S16_D04,16,4,seasonal_naive,0.08232614470669128,8.144279293166672,1284.669369988559
S16_D05,16,5,global_gbm,0.056424755282825256,5.704896109304603,2172.1460027130456
S16_D05,16,5,holt_winters,0.10695522799963252,10.78307279671147,4302.620983914531
S16_D05,16,5,seasonal_naive,0.12566432938263894,12.64965672255268,6228.769378847804
S16_D06,16,6,global_gbm,0.06277541624401835,6.28898443923451,3595.4491080649495
S16_D06,16,6,holt_winters,0.09000269215504082,9.022660458509877,5763.18712439677
S16_D06,16,6,seasonal_naive,0.06878637101259419,6.678637350952946,3901.648103603145
S16_D07,16,7,global_gbm,0.04924719602227525,4.9411234709794165,2852.014810949315
S16_D07,16,7,holt_winters,0.09603563234007965,9.822287033246525,7539.738170492133
S16_D07,16,7,seasonal_naive,0.1035056118632297,10.559453750256186,9506.633084596368
S16_D08,16,8,global_gbm,0.09300921028208109,15.234939382351088,1541.794588869882
S16_D08,16,8,holt_winters,0.12064383240039094,17.174164465148554,1658.736676893109
S16_D08,16,8,seasonal_naive,0.10222475689581349,15.725569288906803,1575.823553761875
S16_D09,16,9,global_gbm,0.06127560177018265,6.130323751078181,2217.6136523326504
S16_D09,16,9,holt_winters,0.1267450745678317,12.783530555589664,4523.731726625961
S16_D09,16,9,seasonal_naive,0.07628247883345456,7.501985310481916,2837.6897044003204
S16_D10,16,10,global_gbm,0.08966291097325972,9.275982992822899,1178.9660615763146
S16_D10,16,10,holt_winters,0.06785485793033706,6.730488395705425,1016.4064633548365
S16_D10,16,10,seasonal_naive,0.07400949018795715,7.508329704735634,907.0022735398253
S16_D11,16,11,global_gbm,0.07629010271430085,7.509636882492058,3795.5063634478774
S16_D11,16,11,holt_winters,0.17784182486868863,18.10328560712392,8723.146784517252
S16_D11,16,11,seasonal_naive,0.09816537750539328,9.293047255097097,5056.021346800303
S16_D12,16,12,global_gbm,0.07237123749237827,7.362962014732747,1418.5795499875383
S16_D12,16,12,holt_winters,0.13039662840637237,12.700024072366501,2713.8551370465793
S16_D12,16,12,seasonal_naive,0.10917878776380187,10.577805785144298,2089.9713871603412
S17_D01,17,1,global_gbm,0.055167744163600124,5.60738591431566,1585.5176129947222
S17_D01,17,1,holt_winters,0.08395812542307972,8.800032463030492,3064.328323675845
S17_D01,17,1,seasonal_naive,0.053832782968138475,5.496093094697966,1480.5178818473457
S17_D02,17,2,global_gbm,0.053524352894284255,5.2345043356204615,2717.089708706425
S17_D02,17,2,holt_winters,0.0877806225834477,8.945631623090707,5137.371572280387
S17_D02,17,2,seasonal_naive,0.06172869087792832,6.053680517011422,3059.3748146660214
S17_D03,17,3,global_gbm,0.06875259486048627,7.002343719316379,3685.1529384841597
S17_D03,17,3,holt_winters,0.09306770282514659,9.383422792124929,6146.263084018185
S17_D03,17,3,seasonal_naive,0.07532775909160282,7.479679418309728,4276.378601211975
S17_D04,17,4,global_gbm,0.05640217862489377,5.679078616022635,793.5672919970839
S17_D04,17,4,holt_winters,0.056983168204857056,5.72894553215697,829.7352836465628
S17_D04,17,4,seasonal_naive,0.06704883771059351,6.748094227649019,1013.7552887273424
S17_D05,17,5,global_gbm,0.06418690144386921,6.540851405821859,2188.192657520184
S17_D05,17,5,holt_winters,0.09317587630108132,9.456296292405648,3607.0677767251996
S17_D05,17,5,seasonal_naive,0.08222060475493655,8.162944797248011,2520.741291969174
S17_D06,17,6,global_gbm,0.062331477901527904,6.368470369381586,3260.0549406249684
S17_D06,17,6,holt_winters,0.1068265183773447,10.89872477787611,6178.16333544155
S17_D06,17,6,seasonal_naive,0.0801164980226786,7.946493466344499,4243.271653619907
S17_D07,17,7,global_gbm,0.05528771933163847,5.572214937748061,2948.082263161339
S17_D07,17,7,holt_winters,0.08288433388876765,8.23626795586833,4872.761784737981
S17_D07,17,7,seasonal_naive,0.07070818935981522,6.884812742482492,3780.5512810480973
S17_D08,17,8,global_gbm,0.07885692568690898,7.824621244042528,931.3496793158356
S17_D08,17,8,holt_winters,0.08091284521101834,8.029812814053516,920.2016193699839
S17_D08,17,8,seasonal_naive,0.06352127704288703,6.361490610294898,752.9833701813574
S17_D09,17,9,global_gbm,0.06059996330614976,6.1330025474407215,2070.231901744329
S17_D09,17,9,holt_winters,0.12106153461819673,12.29164920472285,4066.3172312181523
S17_D09,17,9,seasonal_naive,0.07066005444812228,7.101572943256316,2361.009740436644
S17_D10,17,10,global_gbm,0.08682141297577395,8.704813446473556,1090.10838980262
S17_D10,17,10,holt_winters,0.09508550635246693,9.507044818150215,1408.4809099006125
S17_D10,17,10,seasonal_naive,0.08653647045606612,8.169395149554248,1164.3626571660388
S17_D11,17,11,global_gbm,0.07745110809458826,7.899261522541089,3312.985937792551
S17_D11,17,11,holt_winters,0.2029049060811945,20.569229992746028,8803.50884604131
S17_D11,17,11,seasonal_naive,0.13721094964605124,13.816947757716626,7440.468789305346
S17_D12,17,12,global_gbm,0.06979073438281738,7.181910949239139,1212.26666319573
S17_D12,17,12,holt_winters,0.10118361286981803,10.093147130342519,1951.0265715143662
S17_D12,17,12,seasonal_naive,0.08015429454641292,7.904827135105216,1457.007516315564
S18_D01,18,1,global_gbm,0.056806080554281844,5.699270767131193,1530.842373144668
S18_D01,18,1,holt_winters,0.09575713735225683,9.684555360792194,3262.3471208803276
S18_D01,18,1,seasonal_naive,0.08475854678263917,8.428979760871425,3064.197661077061
S18_D02,18,2,global_gbm,0.06945214173471152,7.031592691879633,3290.066532941868
S18_D02,18,2,holt_winters,0.09588593926903799,9.74346826217693,5783.23308330654
S18_D02,18,2,seasonal_naive,0.07608035581196047,7.512224380854298,3790.8338576634783
S18_D03,18,3,global_gbm,0.06553008568757733,6.612739019577898,3712.3447523449663
S18_D03,18,3,holt_winters,0.09886008267568501,9.96318699517525,6170.966903769942
S18_D03,18,3,seasonal_naive,0.08436679470328218,8.385958342940002,4524.932799084276
S18_D04,18,4,global_gbm,0.10370243965645214,10.422670163756484,1349.0650435262485
S18_D04,18,4,holt_winters,0.11187272038651581,11.298421508846621,2122.7388635380844
S18_D04,18,4,seasonal_naive,0.05908012531965292,5.847587952206491,913.4976884857484
S18_D05,18,5,global_gbm,0.04990276764930362,5.056990193078511,1654.8190709508083
S18_D05,18,5,holt_winters,0.09687760486089309,9.554186273269126,3938.015176632465
S18_D05,18,5,seasonal_naive,0.05371299559488384,5.29177750016483,1875.2828046055572
S18_D06,18,6,global_gbm,0.05365288993684495,5.333801837711846,2997.2220522468447
S18_D06,18,6,holt_winters,0.11453264073474884,11.464238203590133,6216.3906905622425
S18_D06,18,6,seasonal_naive,0.05660790353630577,5.58637115571955,3638.9054566001746
S18_D07,18,7,global_gbm,0.05577196941761345,5.557950338879583,2841.9080218565045
S18_D07,18,7,holt_winters,0.06766369273792361,6.768441028056377,3340.251828911037
S18_D07,18,7,seasonal_naive,0.08112769102612662,8.087059158306666,4417.217793821238
S18_D08,18,8,global_gbm,0.08420357461399436,8.636092152815356,896.6685230277927
S18_D08,18,8,holt_winters,0.1089725970816836,10.929887317377938,1269.1028979388077
S18_D08,18,8,seasonal_naive,0.10860068304725555,10.400806334987132,1593.3188037634973
S18_D09,18,9,global_gbm,0.0830029206646116,17.20417352111367,3809.6374888971436
S18_D09,18,9,holt_winters,0.15087313429865465,23.820778377412225,5456.587621857655
S18_D09,18,9,seasonal_naive,0.08266687992605372,17.328708506251143,3852.2130032719633
S18_D10,18,10,global_gbm,0.08593934025463235,8.515844914493604,983.9062722876885
S18_D10,18,10,holt_winters,0.0762437483747452,7.609167162689297,1094.277983939286
S18_D10,18,10,seasonal_naive,0.12775465201881728,12.98666273851809,1820.2199085228228
S18_D11,18,11,global_gbm,0.06587286734382326,6.894108930156441,2543.6426495518594
S18_D11,18,11,holt_winters,0.16232070879388438,16.88255688683888,6993.31099471739
S18_D11,18,11,seasonal_naive,0.07700937345955623,7.752414249800249,2814.6004476181593
S18_D12,18,12,global_gbm,0.07507281300531311,7.547793327550189,1333.301536603844
S18_D12,18,12,holt_winters,0.1007904364941411,10.317201800357173,1912.5653441408122
S18_D12,18,12,seasonal_naive,0.05427585740027844,5.325162143743855,945.2733771666062
S19_D01,19,1,global_gbm,0.06051409626876175,6.229602685173379,2274.2185011054494
S19_D01,19,1,holt_winters,0.096617301824074,9.753613301454624,3689.19217543201
S19_D01,19,1,seasonal_naive,0.05456111646228817,5.312862144418083,2138.5457764205253
S19_D02,19,2,global_gbm,0.07792757722675288,7.979073421233348,4646.913167334243
S19_D02,19,2,holt_winters,0.11177645846658425,11.047592655079002,8089.909832477909
S19_D02,19,2,seasonal_naive,0.07748218207077956,7.464156001643034,5283.070616181129
S19_D03,19,3,global_gbm,0.05779217004440665,5.882733891381203,4127.219184839042
S19_D03,19,3,holt_winters,0.11112989098725305,11.49281988013263,9787.233751361551
S19_D03,19,3,seasonal_naive,0.06507813177535711,6.3329665813491545,4706.343678696369
S19_D04,19,4,global_gbm,0.061534985254417474,6.077888842877009,1190.3485260525733
S19_D04,19,4,holt_winters,0.08831764961822741,8.814349886740983,1697.8789722417043
S19_D04,19,4,seasonal_naive,0.07393455291638538,7.240308536118053,1440.7332544499259
S19_D05,19,5,global_gbm,0.11440304241233755,8.086033994909197,10340.054001803403
S19_D05,19,5,holt_winters,0.17516533148945512,14.408287569808062,13280.797239282774
S19_D05,19,5,seasonal_naive,0.13647173596750864,10.133903551290205,11023.231607248372
S19_D06,19,6,global_gbm,0.05890041259966844,5.94100397882596,3699.829888178256
S19_D06,19,6,holt_winters,0.09210301979424607,9.249064269140334,6432.507174250364
S19_D06,19,6,seasonal_naive,0.06455901770421346,6.422296344489975,3996.680851795816
S19_D07,19,7,global_gbm,0.06603683630528345,14.452159027023649,7145.10642392858
S19_D07,19,7,holt_winters,0.10379299105856728,17.959970235504112,8930.478379753473
S19_D07,19,7,seasonal_naive,0.08934052582346551,16.403432305372494,8373.525997270312
S19_D08,19,8,global_gbm,0.06170290936343505,6.201235219029203,932.6923123404691
S19_D08,19,8,holt_winters,0.08857583440683488,8.732208401217907,1412.1573563332022
S19_D08,19,8,seasonal_naive,0.08478064918099772,8.454763491286537,1230.5627398281065
S19_D09,19,9,global_gbm,0.04659855393916274,4.660095976748686,2026.0070789119889
S19_D09,19,9,holt_winters,0.12154060381506714,12.239332648275678,5139.123077572874
S19_D09,19,9,seasonal_naive,0.0630498956740078,6.224593539007252,2855.193314752519
S19_D10,19,10,global_gbm,0.0668296964998557,6.950313195763205,1006.4215332324534
S19_D10,19,10,holt_winters,0.06763563963423101,6.720992100107551,1213.2469005119096
S19_D10,19,10,seasonal_naive,0.07176986203534973,7.155428444926901,1122.5244582107223
S19_D11,19,11,global_gbm,0.05651449672606989,5.81396497514542,3048.0353343852657
S19_D11,19,11,holt_winters,0.14497153798278287,14.775806448626396,8819.25902329996
S19_D11,19,11,seasonal_naive,0.06942756670743733,6.992046896621527,3546.4740047527666
S19_D12,19,12,global_gbm,0.07079292182473293,7.074738827117784,1635.4618611218755
S19_D12,19,12,holt_winters,0.12271694488131883,12.345928809125013,2828.8880321926717
S19_D12,19,12,seasonal_naive,0.07458551345659524,7.319961413155757,1594.7183796236013
S20_D01,20,1,global_gbm,0.062463075369328075,6.358393521586756,1941.085503883099
S20_D01,20,1,holt_winters,0.07247496147321249,7.2432571301330215,2329.5749711083095
S20_D01,20,1,seasonal_naive,0.06284081889977579,6.292004318410924,1764.5295440507234
S20_D02,20,2,global_gbm,0.10241273976735711,7.307913950615685,10050.104782452787
S20_D02,20,2,holt_winters,0.16419211244426965,13.937524603395614,13714.252651091665
S20_D02,20,2,seasonal_naive,0.11552576567265664,8.650136009156606,10520.836061539378
S20_D03,20,3,global_gbm,0.04792065750936494,4.633719116642781,3062.673792085517
S20_D03,20,3,holt_winters,0.06709953194382355,6.999169038360923,4788.273441607659
S20_D03,20,3,seasonal_naive,0.07513976002617741,7.195694156770414,4794.378019192416
S20_D04,20,4,global_gbm,0.27822062641858747,24.58964169130841,5186.793089349859
S20_D04,20,4,holt_winters,0.320104814281809,28.854184475930495,5817.853942176658
S20_D04,20,4,seasonal_naive,0.20425278886742645,17.142236774697114,5421.475300581885
S20_D05,20,5,global_gbm,0.0638389607119269,6.5309652481762805,2327.285426419502
S20_D05,20,5,holt_winters,0.07998376566247876,8.184285638762928,3430.2576719787517
S20_D05,20,5,seasonal_naive,0.06273023317770368,6.356509766311258,2447.9120966343858
S20_D06,20,6,global_gbm,0.054365512444642,5.514079187383653,2804.782184376893
S20_D06,20,6,holt_winters,0.0998079330704326,10.087541138213886,6042.258695803663
S20_D06,20,6,seasonal_naive,0.06930521757983364,7.00548724741622,3595.394785533726
S20_D07,20,7,global_gbm,0.060795070036857975,6.094915892189081,3438.1684332112795
S20_D07,20,7,holt_winters,0.09914609909204437,10.055464903306001,5307.856110983619
S20_D07,20,7,seasonal_naive,0.0574603790277945,5.71479872666329,3090.7350202289367
S20_D08,20,8,global_gbm,0.07227794599399535,7.4153816743136245,862.5966436907316
S20_D08,20,8,holt_winters,0.06851347289292135,6.919810511641084,832.012155230563
S20_D08,20,8,seasonal_naive,0.05554259344373375,5.60247023116056,685.0817800884365
S20_D09,20,9,global_gbm,0.05179809999627597,5.226746760144917,1968.7061958597958
S20_D09,20,9,holt_winters,0.10779007518518365,10.90630411595371,3805.1841154907393
S20_D09,20,9,seasonal_naive,0.060704544123821085,6.110633963513313,2154.389800573364
S20_D10,20,10,global_gbm,0.08761461814299339,9.038087573197222,1073.1445729846441
S20_D10,20,10,holt_winters,0.07273438817529176,7.228989261207341,1067.7183329888178
S20_D10,20,10,seasonal_naive,0.06556706131614908,6.559833271515953,812.3257791146185
S20_D11,20,11,global_gbm,0.06735199483230686,6.793818106637292,2838.7760255328376
S20_D11,20,11,holt_winters,0.1426228076935959,14.710820578553912,6462.822409509143
S20_D11,20,11,seasonal_naive,0.07633537214780312,7.522785394795726,3513.4600096431363
S20_D12,20,12,global_gbm,0.08998572726533811,9.098213727911135,1496.1161772675266
S20_D12,20,12,holt_winters,0.11111002419069267,11.368245871519036,2318.040189612367
S20_D12,20,12,seasonal_naive,0.07267739364248542,7.121343489765775,1203.2652082319196
